MESES DE REFERÊNCIA;Chuva_Acumulada;TEMPERATURA MÉDIA MENSAL (°C);UMIDADE MÉDIA (%);PRESSÃO MÉDIA (hPa);chikungunya;dengue;zika;Total Arboviroses;NÍVEL DE ALERTA - DENGUE (0-3);POPULAÇÃO SEM COLETA DE ESGOTO (NÚMERO DE PESSOAS);PERCENTUAL SEM COLETA DE ESGOTO (%)
2010-01-01;53,4;28,3;70,43;1008,16;0,0;388,0;0,0;388,0;1,0;1267675,0;0,517
2010-02-01;73,4;28,55;72,44;1007,43;0,0;301,0;0,0;301,0;1,0;1267675,0;0,517
2010-03-01;39,2;28,86;70,78;1007,99;0,0;337,0;0,0;337,0;1,0;1267675,0;0,517
2010-04-01;0,0;28,66;69,44;1008,21;0,0;388,0;0,0;388,0;1,0;1267675,0;0,517
2010-05-01;0,0;28,47;68,1;1008,43;0,0;514,0;0,0;514,0;1,0;1267675,0;0,517
2010-06-01;0,0;28,27;66,76;1008,65;0,0;589,0;0,0;589,0;1,0;1267675,0;0,517
2010-07-01;0,0;28,07;65,42;1008,87;0,0;796,0;0,0;796,0;1,0;1267675,0;0,517
2010-08-01;0,0;27,88;64,08;1009,09;0,0;1027,0;0,0;1027,0;1,0;1267675,0;0,517
2010-09-01;0,0;27,68;62,74;1009,31;0,0;599,0;0,0;599,0;1,0;1267675,0;0,517
2010-10-01;0,0;28,08;62,5;1007,96;0,0;532,0;0,0;532,0;1,0;1267675,0;0,517
2010-11-01;0,0;28,47;62,27;1006,6;0,0;931,0;0,0;931,0;1,0;1267675,0;0,517
2010-12-01;58,0;27,93;70,3;1006,36;0,0;1463,0;0,0;1463,0;1,0;1267675,0;0,517
2011-01-01;207,4;27,59;73,67;1006,48;0,0;2372,0;0,0;2372,0;1,0;1148295,0;0,464
2011-02-01;291,2;26,31;82,05;1007,52;0,0;3949,0;0,0;3949,0;2,0;1148295,0;0,464
2011-03-01;3,0;26,5;80,94;1007,29;0,0;8648,0;0,0;8648,0;3,0;1148295,0;0,464
2011-04-01;113,2;26,64;81,47;1007,81;0,0;11226,0;0,0;11226,0;3,0;1148295,0;0,464
2011-05-01;93,8;26,88;79,22;1008,31;0,0;7290,0;0,0;7290,0;2,0;1148295,0;0,464
2011-06-01;106,4;26,39;76,96;1009,88;0,0;2003,0;0,0;2003,0;1,0;1148295,0;0,464
2011-07-01;91,8;26,05;75,13;1010,22;0,0;1101,0;0,0;1101,0;1,0;1148295,0;0,464
2011-08-01;18,6;26,68;69,88;1010,97;0,0;549,0;0,0;549,0;1,0;1148295,0;0,464
2011-09-01;0,0;27,05;65,76;1010,86;0,0;517,0;0,0;517,0;1,0;1148295,0;0,464
2011-10-01;28,6;27,37;68,98;1008,05;0,0;572,0;0,0;572,0;1,0;1148295,0;0,464
2011-11-01;8,6;28,43;65,76;1008,14;0,0;506,0;0,0;506,0;1,0;1148295,0;0,464
2011-12-01;6,2;29,17;62,06;1008,32;0,0;558,0;0,0;558,0;1,0;1148295,0;0,464
2012-01-01;18,2;28,93;65,11;1008,24;0,0;1001,0;0,0;1001,0;1,0;1264466,0;0,506
2012-02-01;0,0;27,94;71,68;1008,32;0,0;1327,0;0,0;1327,0;1,0;1264466,0;0,506
2012-03-01;264,8;26,96;78,24;1008,39;0,0;3431,0;0,0;3431,0;2,0;1264466,0;0,506
2012-04-01;145,0;27,31;77,26;1008,23;0,0;13142,0;0,0;13142,0;3,0;1264466,0;0,506
2012-05-01;132,2;27,22;74,03;1009,56;0,0;18986,0;0,0;18986,0;4,0;1264466,0;0,506
2012-06-01;128,0;26,7;75,41;1010,87;0,0;4193,0;0,0;4193,0;2,0;1264466,0;0,506
2012-07-01;7,2;26,75;69,13;1010,76;0,0;1377,0;0,0;1377,0;1,0;1264466,0;0,506
2012-08-01;0,2;26,82;65,31;1011,7;0,0;446,0;0,0;446,0;1,0;1264466,0;0,506
2012-09-01;1,4;27,07;64,96;1011,68;0,0;336,0;0,0;336,0;1,0;1264466,0;0,506
2012-10-01;11,4;27,32;66,06;1009,18;0,0;288,0;0,0;288,0;1,0;1264466,0;0,506
2012-11-01;4,6;27,68;66,94;1008,3;0,0;197,0;0,0;197,0;1,0;1264466,0;0,506
2012-12-01;16,2;28,06;68,77;1007,73;0,0;284,0;0,0;284,0;1,0;1264466,0;0,506
2013-01-01;46,4;27,99;71,4;1008,63;0,0;480,0;0,0;480,0;1,0;1313360,0;0,515
2013-02-01;102,8;28,17;71,66;1007,6;0,0;912,0;0,0;912,0;1,0;1313360,0;0,515
2013-03-01;69,2;28,39;73,05;1008,18;0,0;2032,0;0,0;2032,0;1,0;1313360,0;0,515
2013-04-01;175,8;27,46;78,86;1008,67;0,0;2469,0;0,0;2469,0;1,0;1313360,0;0,515
2013-05-01;133,0;27,26;78,03;1009,27;0,0;2399,0;0,0;2399,0;1,0;1313360,0;0,515
2013-06-01;216,4;26,45;79,43;1010,27;0,0;3334,0;0,0;3334,0;2,0;1313360,0;0,515
2013-07-01;88,6;26,3;75,95;1011,21;0,0;2427,0;0,0;2427,0;1,0;1313360,0;0,515
2013-08-01;13,8;27,12;68,12;1010,37;0,0;1913,0;0,0;1913,0;1,0;1313360,0;0,515
2013-09-01;11,2;27,33;67,01;1010,46;0,0;1020,0;0,0;1020,0;1,0;1313360,0;0,515
2013-10-01;11,4;27,67;66,03;1009,74;0,0;429,0;0,0;429,0;1,0;1313360,0;0,515
2013-11-01;13,4;27,72;67,84;1007,88;0,0;305,0;0,0;305,0;1,0;1313360,0;0,515
2013-12-01;11,8;27,99;67,83;1008,42;0,0;334,0;0,0;334,0;1,0;1313360,0;0,515
2014-01-01;69,6;27,73;71,29;1008,75;0,0;514,0;0,0;514,0;1,0;1350155,0;0,525
2014-02-01;136,6;27,31;77,26;1007,76;0,0;568,0;0,0;568,0;1,0;1350155,0;0,525
2014-03-01;142,2;27,29;78,48;1008,52;0,0;824,0;0,0;824,0;1,0;1350155,0;0,525
2014-04-01;47,8;26,63;85,16;1009,52;0,0;888,0;0,0;888,0;1,0;1350155,0;0,525
2014-05-01;65,2;26,61;73,77;1009,15;0,0;1863,0;0,0;1863,0;1,0;1350155,0;0,525
2014-06-01;58,6;27,13;71,6;1010,21;0,0;2193,0;0,0;2193,0;1,0;1350155,0;0,525
2014-07-01;36,8;26,64;68,94;1012,41;0,0;1379,0;0,0;1379,0;1,0;1350155,0;0,525
2014-08-01;2,4;26,99;63,8;1011,57;0,0;1056,0;0,0;1056,0;1,0;1350155,0;0,525
2014-09-01;8,4;27,24;65,86;1010,98;0,0;650,0;0,0;650,0;1,0;1350155,0;0,525
2014-10-01;5,2;27,67;63,52;1009,87;0,0;538,0;0,0;538,0;1,0;1350155,0;0,525
2014-11-01;19,0;27,57;66,13;1008,9;0,0;484,0;0,0;484,0;1,0;1350155,0;0,525
2014-12-01;52,6;27,72;67,32;1009,13;0,0;293,0;0,0;293,0;1,0;1350155,0;0,525
2015-01-01;75,0;27,46;69,16;1009,75;5,0;769,0;0,0;774,0;1,0;1320597,0;0,51
2015-02-01;147,8;27,5;72,93;1008,97;5,0;1275,0;0,0;1280,0;1,0;1320597,0;0,51
2015-03-01;379,4;26,82;77,69;1008,68;8,0;3522,0;0,0;3530,0;2,0;1320597,0;0,51
2015-04-01;301,0;26,82;79,43;1008,99;37,0;7214,0;0,0;7251,0;2,0;1320597,0;0,51
2015-05-01;86,6;27,72;73,33;1009,59;94,0;17109,0;0,0;17203,0;4,0;1320597,0;0,51
2015-06-01;77,4;26,86;73,18;1011,3;52,0;6980,0;0,0;7032,0;2,0;1320597,0;0,51
2015-07-01;155,2;26,41;73,07;1011,43;49,0;3234,0;0,0;3283,0;2,0;1320597,0;0,51
2015-08-01;11,2;26,73;66,81;1011,26;10,0;1636,0;0,0;1646,0;1,0;1320597,0;0,51
2015-09-01;18,0;27,08;66,48;1010,94;3,0;561,0;0,0;564,0;1,0;1320597,0;0,51
2015-10-01;1,2;27,42;64,89;1010,49;2,0;357,0;0,0;359,0;1,0;1320597,0;0,51
2015-11-01;2,2;27,81;66,01;1008,9;12,0;450,0;0,0;462,0;1,0;1320597,0;0,51
2015-12-01;52,8;28,2;67,11;1009,77;30,0;397,0;7,0;434,0;1,0;1320597,0;0,51
2016-01-01;105,8;28,16;72,57;1009,02;118,0;1465,0;136,0;1719,0;1,0;1313291,0;0,503
2016-02-01;10,2;30,22;62,55;1009,08;322,0;1995,0;298,0;2615,0;1,0;1313291,0;0,503
2016-03-01;294,8;28,32;74,63;1009,44;940,0;2498,0;423,0;3861,0;2,0;1313291,0;0,503
2016-04-01;265,6;27,82;75,03;1008,37;2602,0;6332,0;577,0;9511,0;3,0;1313291,0;0,503
2016-05-01;111,4;28,18;72,31;1010,19;6445,0;13527,0;1084,0;21056,0;4,0;1313291,0;0,503
2016-06-01;2,4;29,28;58,18;1011,56;5132,0;6442,0;514,0;12088,0;3,0;1313291,0;0,503
2016-07-01;6,0;27,3;65,68;1011,29;3638,0;5218,0;256,0;9112,0;3,0;1313291,0;0,503
2016-08-01;10,8;27,19;64,98;1011,45;1572,0;2524,0;91,0;4187,0;2,0;1313291,0;0,503
2016-09-01;10,8;27,48;64,81;1011,06;982,0;1700,0;124,0;2806,0;1,0;1313291,0;0,503
2016-10-01;8,2;27,96;64,22;1008,99;923,0;1643,0;53,0;2619,0;1,0;1313291,0;0,503
2016-11-01;9,0;28,25;65,39;1008,25;496,0;1385,0;25,0;1906,0;1,0;1313291,0;0,503
2016-12-01;0,0;27,95;69,1;1008,34;322,0;1208,0;18,0;1548,0;1,0;1313291,0;0,503
2017-01-01;105,2;27,65;72,81;1008,44;821,0;3328,0;65,0;4214,0;2,0;1294695,0;0,493
2017-02-01;209,6;27,3;75,68;1008,18;1876,0;5050,0;95,0;7021,0;2,0;1294695,0;0,493
2017-03-01;475,0;26,46;82,21;1008,32;10715,0;8238,0;383,0;19336,0;4,0;1294695,0;0,493
2017-04-01;334,2;27,07;79,31;1008,42;31111,0;14309,0;648,0;46068,0;4,0;1294695,0;0,493
2017-05-01;129,8;27,29;76,54;1009,36;18165,0;3780,0;220,0;22165,0;4,0;1294695,0;0,493
2017-06-01;47,0;27,28;71,9;1010,21;4864,0;1160,0;52,0;6076,0;2,0;1294695,0;0,493
2017-07-01;79,2;26,46;69,51;1012,24;3212,0;865,0;43,0;4120,0;2,0;1294695,0;0,493
2017-08-01;1,8;27,06;66,73;1011,15;1277,0;418,0;20,0;1715,0;1,0;1294695,0;0,493
2017-09-01;7,6;27,34;63,0;1011,01;845,0;1041,0;8,0;1894,0;1,0;1294695,0;0,493
2017-10-01;11,6;27,68;66,27;1009,25;409,0;690,0;5,0;1104,0;1,0;1294695,0;0,493
2017-11-01;9,8;27,73;66,56;1008,35;277,0;313,0;10,0;600,0;1,0;1294695,0;0,493
2017-12-01;14,6;28,13;68,34;1008,24;272,0;374,0;12,0;658,0;1,0;1294695,0;0,493
2018-01-01;139,6;27,46;72,74;1008,31;263,0;495,0;15,0;773,0;1,0;1324454,0;0,501
2018-02-01;211,0;26,57;79,19;1008,05;252,0;585,0;29,0;866,0;1,0;1324454,0;0,501
2018-03-01;275,0;27,4;76,65;1008,27;271,0;831,0;15,0;1117,0;1,0;1324454,0;0,501
2018-04-01;190,6;26,65;78,67;1008,94;336,0;1553,0;27,0;1916,0;1,0;1324454,0;0,501
2018-05-01;213,2;26,7;76,98;1009,78;121,0;498,0;20,0;639,0;1,0;1324454,0;0,501
2018-06-01;48,6;26,59;71,79;1011,34;92,0;291,0;4,0;387,0;1,0;1324454,0;0,501
2018-07-01;193,2;26,37;71,16;1011,42;102,0;365,0;14,0;481,0;1,0;1324454,0;0,501
2018-08-01;20,0;26,86;68,05;1011,86;86,0;190,0;6,0;282,0;1,0;1324454,0;0,501
2018-09-01;10,6;27,24;66,09;1009,77;74,0;175,0;12,0;261,0;1,0;1324454,0;0,501
2018-10-01;7,0;27,68;66,55;1009,19;59,0;133,0;10,0;202,0;1,0;1324454,0;0,501
2018-11-01;20,4;28,24;66,21;1008,04;61,0;148,0;4,0;213,0;1,0;1324454,0;0,501
2018-12-01;180,6;27,56;72,73;1009,1;51,0;274,0;6,0;331,0;1,0;1324454,0;0,501
2019-01-01;171,2;27,42;75,42;1009,51;92,0;452,0;10,0;554,0;1,0;1334808,0;0,5
2019-02-01;14,4;29,15;69,37;1008,52;80,0;489,0;7,0;576,0;1,0;1334808,0;0,5
2019-03-01;0,0;28,45;72,7;1008,71;166,0;1847,0;15,0;2028,0;1,0;1334808,0;0,5
2019-04-01;0,0;27,74;76,02;1008,91;194,0;1855,0;19,0;2068,0;1,0;1334808,0;0,5
2019-05-01;280,4;27,04;79,35;1009,1;147,0;1309,0;24,0;1480,0;1,0;1334808,0;0,5
2019-06-01;206,8;26,79;74,35;1011,13;104,0;1070,0;27,0;1201,0;1,0;1334808,0;0,5
2019-07-01;53,4;26,58;72,4;1011,35;65,0;845,0;21,0;931,0;1,0;1334808,0;0,5
2019-08-01;20,4;26,79;66,82;1012,56;78,0;680,0;17,0;775,0;1,0;1334808,0;0,5
2019-09-01;13,6;27,2;67,03;1010,92;83,0;716,0;26,0;825,0;1,0;1334808,0;0,5
2019-10-01;11,0;27,47;66,14;1009,29;53,0;371,0;13,0;437,0;1,0;1334808,0;0,5
2019-11-01;4,6;28,11;66,85;1007,83;38,0;366,0;6,0;410,0;1,0;1334808,0;0,5
2019-12-01;60,8;28,32;67,52;1008,02;54,0;429,0;12,0;495,0;1,0;1334808,0;0,5
2020-01-01;237,8;27,61;76,04;1008,71;88,0;973,0;11,0;1072,0;1,0;1199767,0;0,447
2020-02-01;308,6;27,04;80,39;1008,7;116,0;2378,0;13,0;2507,0;1,0;1199767,0;0,447
2020-03-01;409,4;27,17;80,45;1008,37;117,0;2635,0;6,0;2758,0;1,0;1199767,0;0,447
2020-04-01;438,4;26,99;81,4;1008,88;84,0;2140,0;14,0;2238,0;1,0;1199767,0;0,447
2020-05-01;298,2;27,03;78,62;1009,88;105,0;1836,0;37,0;1978,0;1,0;1199767,0;0,447
2020-06-01;97,8;26,49;76,46;1010,34;120,0;1820,0;33,0;1973,0;1,0;1199767,0;0,447
2020-07-01;63,6;26,3;71,89;1010,51;103,0;1519,0;30,0;1652,0;1,0;1199767,0;0,447
2020-08-01;1,0;26,81;67,13;1010,61;57,0;1265,0;22,0;1344,0;1,0;1199767,0;0,447
2020-09-01;6,6;27,22;65,5;1010,47;48,0;586,0;14,0;648,0;1,0;1199767,0;0,447
2020-10-01;18,0;27,79;67,23;1009,26;29,0;402,0;11,0;442,0;1,0;1199767,0;0,447
2020-11-01;18,6;28,3;67,58;1008,27;49,0;565,0;14,0;628,0;1,0;1199767,0;0,447
2020-12-01;27,2;28,27;66,88;1008,35;19,0;327,0;7,0;353,0;1,0;1199767,0;0,447
2021-01-01;121,8;27,86;70,53;1007,94;44,0;660,0;14,0;718,0;1,0;1190862,0;0,441
2021-02-01;67,8;27,82;72,98;1007,86;33,0;865,0;11,0;909,0;1,0;1190862,0;0,441
2021-03-01;422,0;26,67;78,94;1008,06;34,0;1016,0;12,0;1062,0;1,0;1190862,0;0,441
2021-04-01;172,6;27,37;75,75;1008,06;54,0;2274,0;29,0;2357,0;1,0;1190862,0;0,441
2021-05-01;201,4;26,51;78,04;1009,56;162,0;7066,0;54,0;7282,0;2,0;1190862,0;0,441
2021-06-01;92,2;27,1;72,69;1010,25;154,0;6990,0;50,0;7194,0;2,0;1190862,0;0,441
2021-07-01;35,8;27,02;70,2;1011,56;100,0;4859,0;24,0;4983,0;2,0;1190862,0;0,441
2021-08-01;2,2;27,52;64,57;1010,79;89,0;3382,0;12,0;3483,0;2,0;1190862,0;0,441
2021-09-01;3,2;27,86;65,76;1010,33;37,0;1496,0;4,0;1537,0;1,0;1190862,0;0,441
2021-10-01;9,8;28,61;64,92;1008,8;36,0;1255,0;4,0;1295,0;1,0;1190862,0;0,441
2021-11-01;4,8;29,78;62,58;1007,8;19,0;775,0;0,0;794,0;1,0;1190862,0;0,441
2021-12-01;40,0;28,67;68,59;1007,22;9,0;756,0;0,0;765,0;1,0;1190862,0;0,441
2022-01-01;259,6;26,91;76,99;1008,49;78,0;874,0;7,0;959,0;1,0;902361,0;0,372
2022-02-01;147,2;27,66;73,77;1007,96;397,0;1246,0;12,0;1655,0;1,0;902361,0;0,372
2022-03-01;596,0;26,5;81,23;1007,44;1360,0;2946,0;43,0;4349,0;2,0;902361,0;0,372
2022-04-01;479,0;26,5;81,95;1007,92;4393,0;6400,0;46,0;10839,0;3,0;902361,0;0,372
2022-05-01;274,4;26,33;81,02;1009,64;10731,0;11540,0;91,0;22362,0;4,0;902361,0;0,372
2022-06-01;88,0;25,91;77,18;1009,89;6674,0;7386,0;32,0;14092,0;4,0;902361,0;0,372
2022-07-01;109,6;26,17;73,23;1010,59;3372,0;4095,0;33,0;7500,0;2,0;902361,0;0,372
2022-08-01;0,0;26,7;69,88;1010,52;1149,0;2088,0;29,0;3266,0;2,0;902361,0;0,372
2022-09-01;7,0;27,23;66,53;1010,45;478,0;1469,0;25,0;1972,0;1,0;902361,0;0,372
2022-10-01;9,0;27,82;65,65;1009,16;308,0;1012,0;23,0;1343,0;1,0;902361,0;0,372
2022-11-01;25,8;27,7;68,18;1008,35;141,0;803,0;26,0;970,0;1,0;902361,0;0,372
2022-12-01;19,0;27,94;67,57;1008,12;106,0;458,0;8,0;572,0;1,0;902361,0;0,372
2023-01-01;227,2;27,33;73,13;1008,74;227,0;1240,0;17,0;1484,0;1,0;822433,0;0,335
2023-02-01;299,6;27,14;76,2;1008,4;227,0;1881,0;32,0;2140,0;1,0;822433,0;0,335
2023-03-01;234,0;26,86;77,56;1008,68;361,0;2856,0;40,0;3257,0;2,0;822433,0;0,335
2023-04-01;187,2;26,59;79,27;1007,85;313,0;2177,0;50,0;2540,0;1,0;822433,0;0,335
2023-05-01;165,4;27,4;76,85;1009,39;176,0;1521,0;20,0;1717,0;1,0;822433,0;0,335
2023-06-01;62,2;27,14;73,74;1010,86;189,0;1221,0;30,0;1440,0;1,0;822433,0;0,335
2023-07-01;23,6;27,09;69,68;1011,68;180,0;1292,0;28,0;1500,0;1,0;822433,0;0,335
2023-08-01;14,2;27,36;68,08;1010,96;101,0;788,0;0,0;889,0;1,0;822433,0;0,335
2023-09-01;5,4;27,74;65,76;1010,33;84,0;691,0;0,0;775,0;1,0;822433,0;0,335
2023-10-01;4,2;28,02;65,42;1009,2;102,0;686,0;0,0;788,0;1,0;822433,0;0,335
2023-11-01;45,8;28,39;66,44;1008,69;58,0;414,0;0,0;472,0;1,0;822433,0;0,335
2023-12-01;50,8;28,4;70,22;1008,17;75,0;374,0;3,0;452,0;1,0;822433,0;0,335
2024-01-01;28,6;28,73;70,17;1009,26;96,0;807,0;1,0;904,0;1,0;920871,0;0,358
2024-02-01;323,8;28,36;74,2;1008,97;146,0;1609,0;0,0;1755,0;1,0;920871,0;0,358
2024-03-01;127,8;27,85;78,68;1008,51;131,0;3197,0;0,0;3328,0;2,0;920871,0;0,358
2024-04-01;138,2;28,02;77,88;1007,89;114,0;2098,0;0,0;2212,0;1,0;920871,0;0,358
2024-05-01;1,0;30,08;64,41;1006,98;108,0;1101,0;0,0;1209,0;1,0;920871,0;0,358
2024-06-01;0,0;29,52;58,22;1010,48;85,0;962,0;0,0;1047,0;1,0;920871,0;0,358
2024-07-01;0,0;28,88;56,64;1011,11;56,0;557,0;0,0;613,0;1,0;920871,0;0,358
2024-08-01;0,0;30,35;50,0;1011,2;46,0;513,0;0,0;559,0;1,0;920871,0;0,358
2024-09-01;0,0;30,65;50,3;1010,44;57,0;444,0;0,0;501,0;1,0;920871,0;0,358
2024-10-01;0,0;30,94;50,61;1009,69;30,0;317,0;0,0;347,0;1,0;920871,0;0,358
2024-11-01;0,0;31,24;50,91;1008,93;30,0;421,0;0,0;451,0;1,0;920871,0;0,358
2024-12-01;0,0;30,91;56,85;1008,67;27,0;274,0;0,0;301,0;1,0;920871,0;0,358
2025-01-01;0,0;30,26;62,79;1008,64;0,0;0,0;0,0;0,0;0,0;0,0;0,0
